LastName,FirstInt,PhoneNum,Id_Num
John,Jeffery,291839412,
Harris,Isaac,7200000,
Kafley,Aryan,3031231,
Michael,Williams,842917284,
Richard,Josheph,942930538,
Thomas,Tuchel,215849510,
Chris,Hernandez,593203530,
Javi,Guatera,431946489,
Redford,Mark,942945459,
Dzouza,Kenneth,132404249,
Lara,Brian,313523974,
Spacey,Kevin,213412981,
Oliery,Bryan,123124323,
Hensworth,Chris,124428573,
Evans,Chris,853432482,
Khan,Salim,234785398,
Mohammad,Yousuf,234132847,
Garcia,Ryan,544358523,
Donald,Nicolas,541395830,
Sobers,Gary,234354909,
